{
	"member": [
		{
			"kind": "member",
			"type": "string",
			"name": "ABOUT",
			"memberof": "PageConfig",
			"scope": "static",
			"default": "'about'"
		},
		{
			"kind": "member",
			"type": "string",
			"name": "HEROS",
			"memberof": "PageConfig",
			"scope": "static",
			"default": "'heros'"
		},
		{
			"kind": "member",
			"type": "string",
			"name": "HOME",
			"memberof": "PageConfig",
			"scope": "static",
			"default": "'home'"
		},
		{
			"kind": "member",
			"type": "string",
			"name": "INVENTORY",
			"memberof": "PageConfig",
			"scope": "static",
			"default": "'inventory'"
		},
		{
			"kind": "member",
			"type": "string",
			"name": "PFILE",
			"memberof": "PageConfig",
			"scope": "static",
			"default": "'pfile'"
		}
	],
	"function": [],
	"globalMember": [],
	"globalFunction": [],
	"class": {
		"kind": "class",
		"name": "PageConfig",
		"memberof": "",
		"filename": "D:\\projects\\test\\game-train\\exercise\\EuiDemo\\src\\PageConfig.ts"
	}
}