{
	"globalMember": [
		{
			"filename": "D:\\projects\\test\\game-train\\exercise\\EuiDemo\\src\\ThemeAdapter.ts",
			"kind": "globalMember",
			"type": "{paths:string[],skins:any}",
			"name": "generateEUI",
			"memberof": "window",
			"scope": "instance"
		},
		{
			"filename": "D:\\projects\\test\\game-train\\exercise\\EuiDemo\\src\\ThemeAdapter.ts",
			"kind": "globalMember",
			"type": "{paths:string[],skins:any}",
			"name": "generateEUI2",
			"memberof": "window",
			"scope": "instance"
		},
		{
			"filename": "D:\\projects\\test\\game-train\\exercise\\EuiDemo\\src\\ThemeAdapter.ts",
			"kind": "globalMember",
			"type": "{paths:string[],skins:any}",
			"name": "generateJSON",
			"memberof": "window",
			"scope": "instance"
		},
		{
			"filename": "D:\\projects\\test\\game-train\\exercise\\EuiDemo\\src\\Platform.ts",
			"kind": "globalMember",
			"type": "Platform",
			"name": "platform",
			"memberof": "window",
			"scope": "instance"
		}
	]
}